{
    "compression_ratio_over_time": [
        0.019736842105263157,
        0.039473684210526314,
        0.05921052631578947,
        0.07894736842105263,
        0.09868421052631579,
        0.11842105263157894,
        0.13815789473684212,
        0.15789473684210525,
        0.17763157894736842,
        0.19736842105263158,
        0.21710526315789475,
        0.23684210526315788,
        0.2565789473684211,
        0.27631578947368424,
        0.29605263157894735,
        0.3157894736842105,
        0.3355263157894737,
        0.35526315789473684,
        0.375,
        0.39473684210526316,
        0.4144736842105263,
        0.4342105263157895,
        0.45394736842105265,
        0.47368421052631576,
        0.4934210526315789,
        0.5131578947368421,
        0.5328947368421053,
        0.5526315789473685,
        0.5723684210526315,
        0.5921052631578947,
        0.6118421052631579,
        0.631578947368421,
        0.6513157894736842,
        0.6710526315789473,
        0.6907894736842105,
        0.7105263157894737,
        0.7302631578947368,
        0.75,
        0.7697368421052632,
        0.7894736842105263,
        0.8092105263157895,
        0.8289473684210527,
        0.8486842105263158,
        0.868421052631579,
        0.8881578947368421,
        0.9078947368421053,
        0.9276315789473685,
        0.9473684210526315,
        0.9671052631578947,
        0.9868421052631579,
        1.006578947368421,
        1.0263157894736843,
        1.0460526315789473,
        1.0657894736842106,
        1.0855263157894737,
        1.105263157894737,
        1.125,
        1.144736842105263,
        1.1644736842105263,
        1.1842105263157894,
        1.2039473684210527,
        1.2236842105263157,
        1.243421052631579,
        1.263157894736842
    ],
    "dictionary_size_over_time": [
        257,
        258,
        259,
        260,
        261,
        262,
        263,
        264,
        265,
        266,
        267,
        268,
        269,
        270,
        271,
        272,
        273,
        274,
        275,
        276,
        277,
        278,
        279,
        280,
        281,
        282,
        283,
        284,
        285,
        286,
        287,
        288,
        289,
        290,
        291,
        292,
        293,
        294,
        295,
        296,
        297,
        298,
        299,
        300,
        301,
        302,
        303,
        304,
        305,
        306,
        307,
        308,
        309,
        310,
        311,
        312,
        313,
        314,
        315,
        316,
        317,
        318,
        319,
        320
    ],
    "execution_time": 0.0005345344543457031,
    "memory_usage": 25.7060546875
}