{
    "execution_time": 0.000423431396484375,
    "memory_usage": 22.078125
}